"DESCRIPTION","DURATION IN MS","NAME","PARENT SUITE","START TIME","STATUS","STOP TIME","SUB SUITE","SUITE","TEST CLASS","TEST METHOD"
"","1192","Business should be able to deactivate and activate a project in REVIEW mode","TRUECALLER-ENTERPRISE-SDK-API-REGRESSION-SUITE","2026-10-03","failed","2026-10-03","com.truecaller.enterprise.sdk.Tests.ProjectServiceTest.ProjectDeactivateAndActivateTest","ProjectDeactivateAndActivateTest","com.truecaller.enterprise.sdk.Tests.ProjectServiceTest.ProjectDeactivateAndActivateTest","businessShouldBeAbleToDeactivateAndActivateProjectInReviewMode"
"","333","Validate an Error Message to Delete the same Phone Number more than once","TRUECALLER-ENTERPRISE-SDK-API-REGRESSION-SUITE","2026-10-03","failed","2026-10-03","com.truecaller.enterprise.sdk.Tests.ProjectServiceTest.ProjectTest","ProjectServiceTest","com.truecaller.enterprise.sdk.Tests.ProjectServiceTest.ProjectTest","shouldThrowWhenDeletingPhoneNumberMultipleTimes"
"","1191","Business should be able to create a project with a random category and update it with a different random category in TEST mode","TRUECALLER-ENTERPRISE-SDK-API-REGRESSION-SUITE","2026-10-03","failed","2026-10-03","com.truecaller.enterprise.sdk.Tests.ProjectServiceTest.ProjectCategoryTest","ProjectCategoryTest","com.truecaller.enterprise.sdk.Tests.ProjectServiceTest.ProjectCategoryTest","businessShouldBeAbleToCreateAndUpdateProjectWithRandomCategory"
"","340","Validate the Error Message for null value Business Category in Update Business Category","TRUECALLER-ENTERPRISE-SDK-API-REGRESSION-SUITE","2026-10-03","failed","2026-10-03","com.truecaller.enterprise.sdk.Tests.ProjectServiceTest.ProjectTest","ProjectServiceTest","com.truecaller.enterprise.sdk.Tests.ProjectServiceTest.ProjectTest","ShouldThrowErrorForNullBusinessCategoryInUpdateBusinessCategory"
"","1231","Deactivate the Project which is in Active Status","TRUECALLER-ENTERPRISE-SDK-API-REGRESSION-SUITE","2026-10-03","failed","2026-10-03","com.truecaller.enterprise.sdk.Tests.ProjectServiceTest.ProjectTest","ProjectServiceTest","com.truecaller.enterprise.sdk.Tests.ProjectServiceTest.ProjectTest","businessShouldBeAbleToDeactivateProject"
"","1156","Business should be able to create credentials, add new fingerprint and delete fingerprint in TEST mode","TRUECALLER-ENTERPRISE-SDK-API-REGRESSION-SUITE","2026-10-03","failed","2026-10-03","com.truecaller.enterprise.sdk.Tests.ProjectServiceTest.ProjectCredentialsTest","ProjectCredentialsTest","com.truecaller.enterprise.sdk.Tests.ProjectServiceTest.ProjectCredentialsTest","businessShouldBeAbleToAddAndDeleteFingerprintSuccessfullyInTestMode"
"","331","Update Business Category with valid request body","TRUECALLER-ENTERPRISE-SDK-API-REGRESSION-SUITE","2026-10-03","failed","2026-10-03","com.truecaller.enterprise.sdk.Tests.ProjectServiceTest.ProjectTest","ProjectServiceTest","com.truecaller.enterprise.sdk.Tests.ProjectServiceTest.ProjectTest","businessShouldBeAbleToUpdateBusinessCategory"
"","336","Add mobile number to the specific project and validate the added Phone number","TRUECALLER-ENTERPRISE-SDK-API-REGRESSION-SUITE","2026-10-03","failed","2026-10-03","com.truecaller.enterprise.sdk.Tests.ProjectServiceTest.ProjectTest","ProjectServiceTest","com.truecaller.enterprise.sdk.Tests.ProjectServiceTest.ProjectTest","businessShouldBeAbleToAddTestPhoneNumberToProject"
"","1227","Verify an error response when exceeding max test phone numbers","TRUECALLER-ENTERPRISE-SDK-API-REGRESSION-SUITE","2026-10-03","failed","2026-10-03","com.truecaller.enterprise.sdk.Tests.ProjectServiceTest.ProjectTest","ProjectServiceTest","com.truecaller.enterprise.sdk.Tests.ProjectServiceTest.ProjectTest","shouldThrowErrorWhenExceedingMaxTestPhoneNumbers"
"","339","Validate the Error Message for Invalid ProjectId in Deactivate Project","TRUECALLER-ENTERPRISE-SDK-API-REGRESSION-SUITE","2026-10-03","failed","2026-10-03","com.truecaller.enterprise.sdk.Tests.ProjectServiceTest.ProjectTest","ProjectServiceTest","com.truecaller.enterprise.sdk.Tests.ProjectServiceTest.ProjectTest","ShouldThrowErrorForInvalidProjectIdInDeactivateProject"
"","347","Validate the Error Message for Duplicate Name in Create Project","TRUECALLER-ENTERPRISE-SDK-API-REGRESSION-SUITE","2026-10-03","failed","2026-10-03","com.truecaller.enterprise.sdk.Tests.ProjectServiceTest.ProjectTest","ProjectServiceTest","com.truecaller.enterprise.sdk.Tests.ProjectServiceTest.ProjectTest","ShouldThrowErrorForDuplicateNameInCreateProject"
"","1230","Update Business Category with Invalid ProjectID","TRUECALLER-ENTERPRISE-SDK-API-REGRESSION-SUITE","2026-10-03","failed","2026-10-03","com.truecaller.enterprise.sdk.Tests.ProjectServiceTest.ProjectTest","ProjectServiceTest","com.truecaller.enterprise.sdk.Tests.ProjectServiceTest.ProjectTest","shouldThroughAnErrorForInvalidProjectIdInUpdateBusinessCategory"
"","1226","Validate the error message for the deactivated project","TRUECALLER-ENTERPRISE-SDK-API-REGRESSION-SUITE","2026-10-03","failed","2026-10-03","com.truecaller.enterprise.sdk.Tests.ProjectServiceTest.ProjectTest","ProjectServiceTest","com.truecaller.enterprise.sdk.Tests.ProjectServiceTest.ProjectTest","shouldThrowErrorForWhenProjectIsAlreadyDeactivated"
"","337","Validate Delete phone number from the project","TRUECALLER-ENTERPRISE-SDK-API-REGRESSION-SUITE","2026-10-03","failed","2026-10-03","com.truecaller.enterprise.sdk.Tests.ProjectServiceTest.ProjectTest","ProjectServiceTest","com.truecaller.enterprise.sdk.Tests.ProjectServiceTest.ProjectTest","businessShouldBeAbleToDeleteTestPhoneNumberFromProject"
"","359","Validate the Error Message for Empty Name And Empty Business Category in Create Project","TRUECALLER-ENTERPRISE-SDK-API-REGRESSION-SUITE","2026-10-03","failed","2026-10-03","com.truecaller.enterprise.sdk.Tests.ProjectServiceTest.ProjectTest","ProjectServiceTest","com.truecaller.enterprise.sdk.Tests.ProjectServiceTest.ProjectTest","ShouldThrowErrorForEmptyNameAndEmptyBusinessCategoryInCreateProject"
"","1353","Validate the Get Account Details","TRUECALLER-ENTERPRISE-SDK-API-REGRESSION-SUITE","2026-10-03","failed","2026-10-03","com.truecaller.enterprise.sdk.Tests.PartnerServiceTest.PartnerTest","PartnerServiceTest","com.truecaller.enterprise.sdk.Tests.PartnerServiceTest.PartnerTest","businessShouldAbleToGetPartnerAccountDetails"
"","1303","Business should be able to create and update consent details in TEST mode","TRUECALLER-ENTERPRISE-SDK-API-REGRESSION-SUITE","2026-10-03","failed","2026-10-03","com.truecaller.enterprise.sdk.Tests.ProjectServiceTest.ProjectConsentDetailsTest","ProjectConsentDetailsTest","com.truecaller.enterprise.sdk.Tests.ProjectServiceTest.ProjectConsentDetailsTest","businessShouldBeAbletToCreateAndUpdateConsentDetails"
"","1252","Create project with the valid request body","TRUECALLER-ENTERPRISE-SDK-API-REGRESSION-SUITE","2026-10-03","failed","2026-10-03","com.truecaller.enterprise.sdk.Tests.ProjectServiceTest.ProjectTest","ProjectServiceTest","com.truecaller.enterprise.sdk.Tests.ProjectServiceTest.ProjectTest","businessShouldAbleToCreateProject"
"","1178","Business should be able to create credentials and update package name in TEST mode","TRUECALLER-ENTERPRISE-SDK-API-REGRESSION-SUITE","2026-10-03","failed","2026-10-03","com.truecaller.enterprise.sdk.Tests.ProjectServiceTest.ProjectCredentialsTest","ProjectCredentialsTest","com.truecaller.enterprise.sdk.Tests.ProjectServiceTest.ProjectCredentialsTest","businessShouldBeAbleToCreateCredentialsAndUpdatePackageNameInTestMode"
"","328","Verify an error response with Invalid project ID","TRUECALLER-ENTERPRISE-SDK-API-REGRESSION-SUITE","2026-10-03","failed","2026-10-03","com.truecaller.enterprise.sdk.Tests.ProjectServiceTest.ProjectTest","ProjectServiceTest","com.truecaller.enterprise.sdk.Tests.ProjectServiceTest.ProjectTest","ShouldThrowAnErrorForInvalidProjectIdInAddTestPhoneNumbers"
"","1249","Business Should Able to Create the Project And Submit For Review","TRUECALLER-ENTERPRISE-SDK-API-REGRESSION-SUITE","2026-10-03","failed","2026-10-03","com.truecaller.enterprise.sdk.Tests.ProjectServiceTest.ProjectSubmitForReviewTest","ProjectSubmitForReviewTest","com.truecaller.enterprise.sdk.Tests.ProjectServiceTest.ProjectSubmitForReviewTest","businessShouldAbleToSubmitTheProjectForReview"
"","336","Business should be able to create credentials and update fingerprint in TEST mode","TRUECALLER-ENTERPRISE-SDK-API-REGRESSION-SUITE","2026-10-03","failed","2026-10-03","com.truecaller.enterprise.sdk.Tests.ProjectServiceTest.ProjectCredentialsTest","ProjectCredentialsTest","com.truecaller.enterprise.sdk.Tests.ProjectServiceTest.ProjectCredentialsTest","businessShouldBeAbleToCreateCredentialsAndUpdateFingerprintInTestMode"
"","332","Get project details for the given ProjectID","TRUECALLER-ENTERPRISE-SDK-API-REGRESSION-SUITE","2026-10-03","failed","2026-10-03","com.truecaller.enterprise.sdk.Tests.ProjectServiceTest.ProjectTest","ProjectServiceTest","com.truecaller.enterprise.sdk.Tests.ProjectServiceTest.ProjectTest","businessShouldBeAbleToViewDetailsOfSpecificProject"
"","1319","Business should not be able to submit a project for review without developer details and other mandatory information","TRUECALLER-ENTERPRISE-SDK-API-REGRESSION-SUITE","2026-10-03","failed","2026-10-03","com.truecaller.enterprise.sdk.Tests.ProjectServiceTest.ProjectSubmitForReviewTest","ProjectSubmitForReviewTest","com.truecaller.enterprise.sdk.Tests.ProjectServiceTest.ProjectSubmitForReviewTest","shouldThrowErrorForMissingMandatoryFieldsInCreateProject"
"","1297","Validate the Error Message for Invalid Business Category in Update Business Category","TRUECALLER-ENTERPRISE-SDK-API-REGRESSION-SUITE","2026-10-03","failed","2026-10-03","com.truecaller.enterprise.sdk.Tests.ProjectServiceTest.ProjectTest","ProjectServiceTest","com.truecaller.enterprise.sdk.Tests.ProjectServiceTest.ProjectTest","ShouldThrowErrorForInvalidBusinessCategoryInUpdateBusinessCategory"
"","1152","Business should be able to create and delete credentials in TEST mode","TRUECALLER-ENTERPRISE-SDK-API-REGRESSION-SUITE","2026-10-03","failed","2026-10-03","com.truecaller.enterprise.sdk.Tests.ProjectServiceTest.ProjectCredentialsTest","ProjectCredentialsTest","com.truecaller.enterprise.sdk.Tests.ProjectServiceTest.ProjectCredentialsTest","businessShouldBeAbleToCreateAndDeleteCredentialsInTestMode"
"","318","Validate Error Message for Invalid Project Id In delete test Phone Number","TRUECALLER-ENTERPRISE-SDK-API-REGRESSION-SUITE","2026-10-03","failed","2026-10-03","com.truecaller.enterprise.sdk.Tests.ProjectServiceTest.ProjectTest","ProjectServiceTest","com.truecaller.enterprise.sdk.Tests.ProjectServiceTest.ProjectTest","shouldThrowAnErrorForInvalidProjectIdInDeleteTestPhoneNumber"
"","1251","Business should be able to create credentials and update optional preferences in TEST mode","TRUECALLER-ENTERPRISE-SDK-API-REGRESSION-SUITE","2026-10-03","failed","2026-10-03","com.truecaller.enterprise.sdk.Tests.ProjectServiceTest.ProjectOptionalPreferencesTest","ProjectOptionalPreferencesTest","com.truecaller.enterprise.sdk.Tests.ProjectServiceTest.ProjectOptionalPreferencesTest","businessShouldBeAbleToCreateCredentialsAndUpdateOptionalPreferencesInTestMode"
"","338","Validate the Error Message for Empty Business Category in Create Project","TRUECALLER-ENTERPRISE-SDK-API-REGRESSION-SUITE","2026-10-03","failed","2026-10-03","com.truecaller.enterprise.sdk.Tests.ProjectServiceTest.ProjectTest","ProjectServiceTest","com.truecaller.enterprise.sdk.Tests.ProjectServiceTest.ProjectTest","ShouldThrowErrorForEmptyBusinessCategoryInCreateProject"
"","1239","Validate the Error Message for Empty Name in Create Project","TRUECALLER-ENTERPRISE-SDK-API-REGRESSION-SUITE","2026-10-03","failed","2026-10-03","com.truecaller.enterprise.sdk.Tests.ProjectServiceTest.ProjectTest","ProjectServiceTest","com.truecaller.enterprise.sdk.Tests.ProjectServiceTest.ProjectTest","shouldThrowErrorForEmptyNameInCreateProject"
"","1302","Validate the error message returned when a Create Project request is made without a request body","TRUECALLER-ENTERPRISE-SDK-API-REGRESSION-SUITE","2026-10-03","failed","2026-10-03","com.truecaller.enterprise.sdk.Tests.ProjectServiceTest.ProjectTest","ProjectServiceTest","com.truecaller.enterprise.sdk.Tests.ProjectServiceTest.ProjectTest","ShouldThrowErrorForEmptyBodyRequestInCreateProject"
"","1179","Business should be able to deactivate and activate a project in TEST mode","TRUECALLER-ENTERPRISE-SDK-API-REGRESSION-SUITE","2026-10-03","failed","2026-10-03","com.truecaller.enterprise.sdk.Tests.ProjectServiceTest.ProjectDeactivateAndActivateTest","ProjectDeactivateAndActivateTest","com.truecaller.enterprise.sdk.Tests.ProjectServiceTest.ProjectDeactivateAndActivateTest","businessShouldBeAbleToDeactivateAndActivateProjectInTestMode"
"","1222","Get project details for Invalid ProjectID","TRUECALLER-ENTERPRISE-SDK-API-REGRESSION-SUITE","2026-10-03","failed","2026-10-03","com.truecaller.enterprise.sdk.Tests.ProjectServiceTest.ProjectTest","ProjectServiceTest","com.truecaller.enterprise.sdk.Tests.ProjectServiceTest.ProjectTest","shouldThrowAnErrorForInvalidProjectIdInGetProjectDetails"
